SOURCE ID	EXTRACT ID	SPECIES	Spec_code	LOCATION	REMARKS	WET MASS	MASS EXTRACTED	THEO. H2O	V MeOH/CHCl3	V 10% BHT	Vadd CHCl3	Vadd H2O	Vtot	EXTRACTED	TARE	GROSS	SUSP VOL	CONC	ORG SENT	MASS NORM'D	FAMEs?	AQ ANALYZED	REMARKS	MDO	COLL DEPTH	MTO	COLL TEMP	#VALUE!		ret time ->	10.45	12.25	12.5	14.9	15.2	15.6	18.45	18.65	19.5	20.1	23.3	23.075	23.7-24.2	vol_run	sum_total_area	vol_ideal	pct_sfa	pct_ufa	pct_mufa	pct_pufa	DBI		
						(g)	(g)	(%)	(mL)	(µL)	(mL)	(mL)	(mL)	(MM/DD/YY)	(g)	(g)	(mL)	(mg/mL)	(MM/DD/YY)	(g)		(MM/DD/YY)		(m)	(m)	(˚C)	(˚C)	#VALUE!	quality	quality_code	0	1	0	4	1	0	4	5	1	0	6	0	1	(mL)		(mL)							
sid	eid		spp																					depth_med	depth_col	temp_med	temp_col			qc	C14:0-ME	C16:1-ME	C16:0-ME	C18:4-ME	C18:1-ME	C18:0-ME	C20:4-ME	C20:5-ME	C20:1-ME	C20:0-ME	C22:6-ME	C20-OH	C22:1-ME			vol_ideal	pct_sfa	pct_ufa	pct_mufa	pct_pufa	dbi	C20-OH index	z*t
V3994-D7	JWL0001	Hormiphora californensis	Horm_cali	Lab -80 upper compartment LL quadrant			5.22	95	18.6	24.8	6.2	6.2	36.2	7/11/18	13.356	13.3573	1	1.30	7/11/18	0.0000	N		taken to 1000 msw on same dive. Spiked with cholesterol and used up.	10	268.0	8.52	8.07	-2.428134794		0	8.416	5.982	35.108	0	15.868	11.107	1.083	11.777	2.759	0	7.409		0.491	0.6			54.631	45.369	25.100	20.269	1.328		2162.760
D914-T1	JWL0002	Hormiphora californensis	Horm_cali	Lab -80 upper compartment LL quadrant			3.45	95	12.3	16.4	4.1	4.1	23.9	7/11/18	13.358	13.3633	0.053	100.00	7/11/18	0.0000	N			10	200.0	8.52	8.76	-2.301029996		0	17.059	16.836	18.608	1.223	20.444	4.261	0.332	6.649	5.313	0	3.881		5.393	0.6			39.928	60.072	47.986	10.862	1.107		1752.000
D919-D11	JWL0003	Hormiphora californensis	Horm_cali	Lab -80 upper compartment LL quadrant			3.54	95	12.6	16.8	4.2	4.2	24.6	7/11/18	13.285	13.2864	1	1.40	7/11/18	0.0000	N		taken to 3250 msw on same dive	10	215.0	8.52	8.16	-2.33243846		0	8.44	2.733	28.18	0.824	19.523	8.848	1.273	15.355	4.532	0	8.049		2.243	0.6			45.468	54.532	29.031	24.677	1.625		1754.400
D914-BW1	JWL0004	Beroe cucumis	Bero_cucu	Lab -80 upper compartment LL quadrant			1.45	95	5.2	6.9	1.7	1.7	10.1	7/11/18				#DIV/0!	7/11/18	0.0011	Y		the smaller of 2x BW specimens with the same identifier	200	10.0		12.20	-1		0	6.282	4.57	20.009	14.657	14.657	9.148	2.559	6.033	6.894	2.904	7.14		9.802	0.6			36.638	63.362	34.325	15.032	1.699		122.000
D914-BW1	JWL0005	Beroe cucumis	Bero_cucu	Lab -80 upper compartment LL quadrant			5.84	95	20.8	27.7	6.9	6.9	40.5	7/11/18	13.312	13.3182	6.2	1.00	7/11/18	0.0000	N		the larger of 2x BW specimens with the same identifier	200	10.0		12.20	-1		0	7.11	6.449	22.313	0	15.542	10.051	2.78	4.905	4.776	3.005	15.389		7.678	0.6			42.480	57.520	34.446	23.074	1.624		122.000
D914-D5	JWL0006	red X cydippid	Cydi_redx	Lab -80 upper compartment LL quadrant			0.95	95	3.4	4.5	1.1	1.1	6.6	7/11/18				#DIV/0!	7/11/18	0.0011	Y			675	630.0	3.9	5.39	-2.799340549		0	10.087	14.711	19.467	0.506	21.785	8.404	0.749	5.964	7.72	0	6.771		3.836	0.6			37.958	62.042	48.052	13.484	1.235		3395.700
V3994-D3	JWL0007	red X cydippid	Cydi_redx	Lab -80 upper compartment LL quadrant			0.84	95	3.0	4.0	1.0	1.0	5.8	7/11/18				#DIV/0!	7/11/18	0.0007	Y		sample note says up to 50% addn'al seawater by vol	675	870.0	3.9	4.46	-2.939519253		0	3.329	15.114	18.638	0	45.211	3.924	0.59	2.824	5.204	0	3.92		1.246	0.6			25.891	74.109	66.775	7.334	1.068		3880.200
D918-D12	JWL0008	vermilion lobate	Verm_loba	Lab -80 upper compartment LL quadrant			3.37	95	12.0	16.0	4.0	4.0	23.4	7/11/18				#DIV/0!	7/11/18	0.0003	Y			1200	696.0	2.29	4.97	-2.84260924		4														0.6		#DIV/0!					#DIV/0!		
V3976-SS2	JWL0009	vermilion lobate	Verm_loba	Lab -80 upper compartment LL quadrant			15.80	95	56.3	75.1	18.8	18.8	109.6	7/11/18	13.32	13.324	0.04	100.00	7/11/18	0.0057	Y				981.0	2.29	3.95	-2.991669007		0	5.788	20.168	12.633	0	43.904	3.051	0.977	3.748	5.824	0	3.198		0.709	0.6			21.472	78.528	70.605	7.923	1.124		3874.950
D1021-BT Tjal 3	JWL0010	undescribed pink benthic		Lab -80 upper compartment LL quadrant			5.43	95	19.3	25.8	6.4	6.4	37.7	7/11/18	13.449	13.4562	0.072	100.00	7/11/18	0.0000	N		gone rancid 20191108	2950	3950.0		2.00	-3.596597096		0	3.503	3.347	8.682	0	34.08	2.402	4.87	9.624	14.954	0	13.059		5.479	0.6			14.587	85.413	57.860	27.553	2.038		7900.000
D1021-BT Tjal 5	JWL0011	undescribed pink benthic		Lab -80 upper compartment LL quadrant			5.94	95	21.2	28.2	7.1	7.1	41.2	7/11/18	13.341	13.3459	0.049	100.00	7/11/18	0.0000	N		gone rancid 20191108	2950	3950.0		2.00	-3.596597096		0	3.174	5.704	9.981	0	36.749	2.583	4.119	10.113	12.057	0	11.509		4.011	0.6			15.738	84.262	58.521	25.741	1.946		7900.000
SEB180630-1	JWL0012	Mertensia ovum	Mert_ovum	Lab -80 upper compartment LL quadrant			17.96	95	64.0	85.3	21.3	21.3	124.6	9/25/18				#DIV/0!		0.0013	Y							#NUM!	very good	0	7.637	3.346	13.08		20.323	7.956	0.51	10.713	12.487	0.639	10.789	0.277	12.244	0.6	21722592		29.393	70.607	48.534	22.073	1.687	0.003	0.000
SEB180630-1	JWL0012B	Mertensia ovum	Mert_ovum	Lab -80 upper compartment LL quadrant														#DIV/0!		0.0013	N								ok	1	10.823	13.368	20.426		21.76	5.035	0	8.18	8.624	0.395	3.721	1.306	6.362	0.6	4269747	11.6	37.164	62.836	50.777	12.058	1.133	0.013	0.000
SVA180611-2	JWL0013	Beroe cucumis	Bero_arct	Lab -80 upper compartment LL quadrant			1.68	95	6.0	8.0	2.0	2.0	11.7	9/25/18				#DIV/0!		0.0276	Y				1.0		-1.11	0	too high signal - cant resolve peaks	3														0.6	159411669	0.5	#DIV/0!	#DIV/0!	#DIV/0!	#DIV/0!	#DIV/0!		
SVA180618-1	JWL0014	Beroe cucumis	Bero_arct	Lab -80 upper compartment LL quadrant			4.00	95	14.3	19.0	4.8	4.8	27.8	9/25/18				#DIV/0!		0.0076	Y				4.5		1.11	-0.6532125138	good/ok	1	20.804	7.172	13.733		11.392	1.38	22.6	0	0	0.328	2.445	12.4	7.29	0.6	18587202	4.4	41.592	58.408	29.668	28.740	1.315	0.125	4.995
SVA180614-1	JWL0015	Beroe cucumis	Bero_arct	Lab -80 upper compartment LL quadrant			7.00	95	24.9	33.3	8.3	8.3	48.6	9/25/18				#DIV/0!		0.0046	Y				6.0		0.56	-0.7781512504	very good	0	7.689	3.662	13.765		17.489	7.024	0.317	11.436	12.79	0.348	11.981	0	13.5	0.6	20735878		28.826	71.174	47.441	23.734	1.778		3.360
SEB180630-3	JWL0016	Beroe cucumis	Bero_arct	Lab -80 upper compartment LL quadrant			7.30	95	26.0	34.7	8.7	8.7	50.6	9/25/18				#DIV/0!		0.0017	Y							#NUM!	very good	0	10.876	4.253	10.413		23.419	7.948	1.322	10.86	3.337	0.097	6.521	17.31	3.642	0.6	53887330		35.476	64.524	41.906	22.619	1.334	0.173	0.000
GRL180623-4	JWL0017	Mertensia ovum	Mert_ovum	Lab -80 upper compartment LL quadrant			7.00	95	24.9	33.3	8.3	8.3	48.6	9/25/18				#DIV/0!		0.0015	Y				6.0		-3.33	-0.7781512504	too high signal	3	9.373	12.404	3.952		6.257	1.097	21.1	3.794	9.292	0.051	1.192	22.85	8.639	0.6	298016305	0.3	18.759	81.241	47.429	33.812	1.471		
SEB180630-4	JWL0018	Beroe cucumis	Bero_arct	Lab -80 upper compartment LL quadrant			7.23	95	25.8	34.3	8.6	8.6	50.2	10/30/18				#DIV/0!		0.0000	N		id suspect					#NUM!	very good	0	10.83	6.645	8.845		23.027	10.469	0.388	11.657	5.635	0.168	7.417	11.429	3.49	0.6	21022154		34.223	65.777	43.803	21.973	1.431	0.114	0.000
SEB180701-3	JWL0019	Beroe cucumis	Bero_arct	Lab -80 upper compartment LL quadrant			20.50	95	73.0	97.4	24.3	24.3	142.2	10/30/18				#DIV/0!		0.0014	Y							#NUM!	good/ok	1	11.521	5.738	8.374		24.062	11.224	1.109	13.1	5.203	0.095	7.127	8.648	4.678	0.6	11288150	7.3	33.843	66.157	43.023	23.133	1.511	0.086	0.000
SEB180701-4	JWL0020	Beroe cucumis	Bero_arct	Lab -80 upper compartment LL quadrant			22.24	95	79.2	105.6	26.4	26.4	154.3	10/30/18				#DIV/0!		0.0022	Y		Cloudy. Apparently very high fat content. 2/3 tubes shattered, so what's there represents 1/3 of total fats.					#NUM!	very good	0	8.436	6.2	7.258		22.62	8.318	2.311	11.874	5.755	0.137	7.026	14.73	5.335	0.6	35327242		28.321	71.679	46.804	24.875	1.507	0.147	0.000
V4034-D1	JWL0021	Bolinopsis infundibulum		Lab -80 upper compartment LL quadrant	ground in solvent		19.87	95	70.8	94.4	23.6	23.6	137.8	11/20/18	2.112	2.1121		#DIV/0!		0.0359	Y		pull 20191216	50	376.0	6.89	6.97	-2.575187845	bad	4														0.6	2467279	33.4	#DIV/0!	#DIV/0!	#DIV/0!	#DIV/0!	#DIV/0!		
V4034-D1	JWL0022	Bolinopsis infundibulum	Boli_infu	Lab -80 upper compartment LL quadrant	ground in solvent (same as 21)	19.9	10.00	95	35.6	47.5	11.9	11.9	69.4	11/20/18	15.2551	15.2574	2.3	1.00		0.0000	N			50	376.0			-2.575187845	ok	1	13.362	4.819	9.542		14.92	2.121	13.743	13.092	8.995	0.135	1.837	4.684	7.75	0.6	10636060	7.7	27.858	72.142	40.396	31.746	1.768	0.049	0.000
V4139-D5	JWL0023	Bolinopsis infundibulum	Boli_infu	Lab -80 upper compartment LL quadrant	extracted aqueous homog	46.0	7.50	95	26.7	35.6	8.9	8.9	52.0	11/20/18	2.145	2.145		#DIV/0!		0.0028	Y		pull 20191216	50	1000.0	6.89	3.89	-3	ok	2	8.09	22.44	12.964		13.899	5.507	3.698	8.048	15.021	0	3.913	0	6.42	0.6	9301637	8.9	26.561	73.439	57.780	15.659	1.363	0.000	3890.000
V4139-D5	JWL0024	Bolinopsis infundibulum		Lab -80 upper compartment LL quadrant	re-ground in solvent	46.0	7.50	95	26.7	35.6	8.9	8.9	52.0	11/20/18	15.3389	15.341	2.1	1.00		0.0000	N			50	1000.0			-3	low	4														0.6	4897435	16.8	#DIV/0!	#DIV/0!	#DIV/0!	#DIV/0!	#DIV/0!		
V4139-D7	JWL0025	Bolinopsis infundibulum	Boli_infu	Lab -80 upper compartment LL quadrant	extracted aqueous homog	48.3	7.50	95	26.7	35.6	8.9	8.9	52.0	11/20/18	2.1211	2.1208		#DIV/0!		0.0013	Y			50	1000.0	6.89	5.00	-3	good	1	13.188	5.926	11.158		9.167	3.139	12.357	9.965	7.342	0.269	2.052	17.418	8.02	0.6	22821102	3.6	33.607	66.393	36.878	29.515	1.420	0.174	5000.000
V4139-D7	JWL0026	Bolinopsis infundibulum		Lab -80 upper compartment LL quadrant	re-ground in solvent	48.3	7.50	95	26.7	35.6	8.9	8.9	52.0	11/20/18				#DIV/0!		0.0013	Y			50	1000.0			-3	low	4														0.6	2645032	31.1	#DIV/0!	#DIV/0!	#DIV/0!	#DIV/0!	#DIV/0!		
ICL180708-4	JWL0027	Bolinopsis infundibulum	Boli_arct	Lab -80 upper compartment LL quadrant	gut contents?	10.5	7.50	95	26.7	35.6	8.9	8.9	52.0	11/25/18				#DIV/0!		0.0015	Y				3.0		5.00	-0.4771212547	low	4														0.6	2336038	35.3	#DIV/0!	#DIV/0!	#DIV/0!	#DIV/0!	#DIV/0!		
SVA180614-1	JWL0028	Bolinopsis infundibulum?	Boli_arct	Lab -80 upper compartment LL quadrant	extracted aqueous homog. Gut contents?	15.5	7.50	95	26.7	35.6	8.9	8.9	52.0	11/25/18				#DIV/0!		0.0031	Y		pull 20191216		6.0		0.56	-0.7781512504	ok	2	10.805	5.765	12.415		29.364	4.424	2.774	8.515	10.627	0	6.098	0	9.213	0.6	6352609	13.0	27.644	72.356	54.969	17.387	1.452	0.000	3.360
SVA180614-1	JWL0029	Bolinopsis infundibulum?	Boli_arct	Lab -80 upper compartment LL quadrant	re-ground in solvent. Gut contents?	15.5	7.50	95	26.7	35.6	8.9	8.9	52.0	11/25/18				#DIV/0!		0.0020	Y				6.0		0.56	-0.7781512504	good	1	6.222	15.346	11.213		22.009	3.35	5.158	7.324	14.505	0	5.223	0	9.65	0.6	16778745	4.9	20.785	79.215	61.510	17.705	1.501	0.000	3.360
ICL180627-1	JWL0030	Bolinopsis infundibulum	Boli_arct	Lab -80 upper compartment LL quadrant	ground in solvent	5.0	5.00	95	17.8	23.8	5.9	5.9	34.7	11/25/18				#DIV/0!		0.0011	Y				3.0		5.00	-0.4771212547	ok	2	15.747	15.031	17.101		11.531	3.976	9.618	9.261	6.873	0	1.694	0.459	9.7321	0.6	10829305	7.6	36.617	63.383	42.925	20.458	1.367	0.005	15.000
GRL180623-5	JWL0031	Mertensia ovum	Mert_ovum	Lab -80 upper compartment LL quadrant	sample pink in color	17.0	7.50	95	26.7	35.6	8.9	8.9	52.0	11/25/18				#DIV/0!		0.0019	Y				6.0		-3.33	-0.7781512504	too high signal	3	5.609	19.77	6.146		5.712	1.624	16.607	5.86	9.89	0.043	2.245	20.633	5.859	0.6	313255126	0.3	16.912	83.088	51.951	31.137	1.504		
GRL180623-5	JWL0032	Mertensia ovum	Mert_ovum	Lab -80 upper compartment LL quadrant	sample pink in color	17.0	7.50	95	26.7	35.6	8.9	8.9	52.0	11/25/18				#DIV/0!		0.0023	Y				6.0		-3.33	-0.7781512504	too high signal	3	4.834	21.085	7.762		7.302	2.217	0	4.808	12.999	0.317	3.21	27.415	8.051	0.6	271295286	0.3	20.845	79.155	68.109	11.046	0.927		
SEB180630-2	JWL0033	Mertensia ovum	Mert_ovum	Lab -80 upper compartment LL quadrant		8.0	8.00	95	28.5	38.0	9.5	9.5	55.5	11/25/18				#DIV/0!		0.0015	Y							#NUM!	low	4														0.6	2447020	33.7	#DIV/0!	#DIV/0!	#DIV/0!	#DIV/0!	#DIV/0!		
GRL180623-3	JWL0034	Bolinopsis infundibulum	Boli_arct	Lab -80 upper compartment LL quadrant	lots of black pigment, particles came out in the interphase	72.7	7.50	95	26.7	35.6	8.9	8.9	52.0	11/25/18				#DIV/0!		0.0013	Y		pull 20191216		6.0		-3.33	-0.7781512504	ok/good	1	10.2456	21.677	9.592		11.355	2.471	8.18	7.377	9.891	0	2.422	7.893	8.886	0.6	15413208	5.3	24.223	75.777	56.255	19.522	1.360	0.079	-19.980
GRL180623-3	JWL0035	Bolinopsis infundibulum	Boli_arct	Lab -80 upper compartment LL quadrant	lots of black pigment, particles came out in the interphase	72.7	7.50	95	26.7	35.6	8.9	8.9	52.0	11/25/18				#DIV/0!		0.0011	Y				6.0		-3.33	-0.7781512504	ok	2	4.677	9.495	4.447		5.332	1.108	3.306	2.683	5.245	0	1.104	2.364	3.677	0.6	10937679	7.5	24.911	75.089	57.820	17.269	1.312	0.054	-19.980
ICL180708-2	JWL0036	Beroe cucumis	Bero_arct	Lab -80 upper compartment LL quadrant	pinkish	10.5	7.50	95	26.7	35.6	8.9	8.9	52.0	11/25/18				#DIV/0!		0.0013	Y				3.0		3.33	-0.4771212547	very good	0	11.287	2.848	11.497		22.359	6.863	4.755	12.566	8.343	0.251	8.533	0	10.699	0.6	27301396		29.898	70.102	44.249	25.854	1.773	0.000	9.990
ICL180627-5	JWL0037	Bolinopsis infundibulum	Boli_arct	Lab -80 upper compartment LL quadrant		6.5	6.50	95	23.2	30.9	7.7	7.7	45.1	11/25/18				#DIV/0!		0.0052	Y				3.0		5.00	-0.4771212547	low/ok	2	12.814	8.648	19.836		10.454	10.714	0	12.265	11.809	0	4.687	8.773	0	0.6	7003409	11.8	47.534	52.466	33.884	18.582	1.204	0.088	15.000
ICL180708-4	JWL0038	Bolinopsis infundibulum	Boli_arct	Lab -80 upper compartment LL quadrant	Is this the second half of the animal in JWL0027??	10.0	7.50	95	26.7	35.6	8.9	8.9	52.0	11/25/18				#DIV/0!		0.0013	Y				3.0		5.00	-0.4771212547	ok	2	6.547	5.714	8.449		10.172	2.625	3.284	3.581	4.046	0	1.543	2.11	3.645	0.6	10088568	8.2	35.522	64.478	47.529	16.950	1.235	0.041	15.000
ICL180708-2	JWL0039	Bolinopsis infundibulum	Boli_arct	Lab -80 upper compartment LL quadrant		6.0	6.00	95	21.4	28.5	7.1	7.1	41.6	11/25/18				#DIV/0!		0.0017	Y		pull 20191216		3.0		3.33	-0.4771212547	ok/good	1	14.174	12.496	13.538		17.763	6.325	5.794	9.123	8.58	0.2	3.689	0	8.319	0.6	13123216	6.3	34.237	65.763	47.158	18.606	1.381	0.000	9.990
KM18T2-3	JWL0040	Bathyctena chuni	Bath_hawa	Lab -80 upper compartment LL quadrant		2.0	2.00	95	7.1	9.5	2.4	2.4	13.9	11/25/18				#DIV/0!		0.0021	Y							#NUM!	very good	0	2.145	12.386	12.255		38.18	6.109	1.642	4.1	8.015	0.274	9.835	0.751	4.308	0.6	119051934		20.940	79.060	63.365	15.695	1.490	0.008	0.000
KM18T2-4	JWL0041	Bathyctena chuni	Bath_hawa	Lab -80 upper compartment LL quadrant		1.5	1.50	95	5.3	7.1	1.8	1.8	10.4	11/25/18				#DIV/0!		0.0025	Y				2500.0		3.00	-3.397940009	ok	1	3.804	3.659	17.084		50.974	5.265	0	3.114	3.994	0	9.146	0	2.963	0.6	89962167	0.9	26.152	73.848	61.588	12.260	1.320	0.000	7500.000
KM18BW2-18	JWL0042	Bolinopsis vitrea	Boli_vitr	Lab -80 upper compartment LL quadrant	ground in solvent	29.5	7.50	95	26.7	35.6	8.9	8.9	52.0	11/25/18	2.2066	2.2068		#DIV/0!		0.0011	Y				10.0		27.20	-1	ok	2	1.839	1.214	6.294		5.296	3.758	1.284	2.359	2.28	1.854	8.737	0	3.641	0.6	7214322	11.4	35.649	64.351	32.241	32.109	2.121	0.000	272.000
KM18BW2-18	JWL0042B	Bolinopsis vitrea	Boli_vitr	Lab -80 upper compartment LL quadrant														#DIV/0!		0.0011	N		pull 20191216		10.0				low	4														0.6	4043224	20.4	#DIV/0!	#DIV/0!	#DIV/0!	#DIV/0!	#DIV/0!		
KM18BW2-31	JWL0043	Bolinopsis vitrea	Boli_vitr	Lab -80 upper compartment LL quadrant	ground in solvent	38.0	7.50	95	26.7	35.6	8.9	8.9	52.0	11/25/18	2.1101	2.1108		#DIV/0!		0.0016	Y		pull 20191216		10.0			-1	low	4														0.6	3438869	24.0	#DIV/0!	#DIV/0!	#DIV/0!	#DIV/0!	#DIV/0!		
KM18BW4-7	JWL0044	Bolinopsis vitrea	Boli_vitr	Lab -80 upper compartment LL quadrant	ground in solvent	33.0	7.50	95	26.7	35.6	8.9	8.9	52.0	11/25/18	2.1583	2.1584		#DIV/0!		0.0010	Y		pull 20191216		10.0			-1	low	4														0.6	1974031	41.7	#DIV/0!	#DIV/0!	#DIV/0!	#DIV/0!	#DIV/0!		
KMT18T4-11/12	JWL0045	Beroe forskalii	Bero_fors	Lab -80 upper compartment LL quadrant	40 mL	18.6	7.50	95	26.7	35.6	8.9	8.9	52.0					#DIV/0!		0.0010	Y				2500.0		4.00	-3.397940009	good	1	5.113	3.562	14.919		19.72	16.179	3.96	4.433	6.92	2.031	14.374	0.44	7.35	0.6	12473997	6.6	38.800	61.200	38.100	23.099	1.634	0.004	10000.000
D860-BW	JWL0046	Beroe forskalii	Bero_fors	Lab -80 upper compartment LL quadrant	40 mL	40.1	7.50	95	26.7	35.6	8.9	8.9	52.0					#DIV/0!		0.0002	Y				10.0		14.06	-1	good	1	6.625	10.88	15.897		15.153	8.349	9.835	9.835	13.445	3.274	10.462	0	6.081	0.6	16185815	5.1	31.087	68.913	41.479	27.434	1.792	0.000	140.600
20170806-BW	JWL0047	Beroe cucumis	Bero_cucu	Lab -80 upper compartment LL quadrant	40 mL	19.0	7.50	95	26.7	35.6	8.9	8.9	52.0		15.2479	15.2635	0.156	100.00		0.0000	N			200	10.0			-1																0.6									
M119-MS3	JWL0048	Beroe forskalii-like	Bero_fivs	Lab -80 upper compartment LL quadrant	40 mL	2.8	2.8	95	10.0	13.3	3.3	3.3	19.5					#DIV/0!		0.0018	Y				620.0		7.00	-2.792391689	good	1	2.725	2.446	11.487		16.766	13.357	5.924	6.456	17.545	2.396	18.665	0.491	1.741	0.6	15902691	5.2	30.113	69.887	38.688	31.198	2.065	0.005	4340.000
D860-BW	JWL0049	Beroe forskalii	Bero_fors	Lab -80 upper compartment LL quadrant	2 animals, same dive #	9.7	7.5	95	26.7	35.6	8.9	8.9	52.0					#DIV/0!		0.0010	Y				10.0		14.06	-1	ok	2	6.605	10.189	17.087		17.857	8.223	0	9.705	12.308	2.87	10.114	0	5.041	0.6	10028199	8.2	34.785	65.215	45.395	19.819	1.546	0.000	140.600
20111206	JWL0050	Bathyctena chuni	Bath_chun	Lab -80 upper compartment LL quadrant	7 mL	10.4	7.5	95	26.7	35.6	8.9	8.9	52.0					#DIV/0!		0.0014	Y							#NUM!	very good	0	2.444	5.448	13.401		27.235	8.363	2.391	7.142	11.225	0.453	13.796	1.327	6.775	0.6	32464754		24.993	75.007	51.365	23.643	1.787	0.013	0.000
KM18T6-6	JWL0051	Bathyctena chuni	Bero_fors	Lab -80 upper compartment LL quadrant	Very small; massoverestimated	X	1.00	95	3.6	4.8	1.2	1.2	6.9					#DIV/0!		0.0007	Y				3000.0		1.50	-3.477121255	good	1	4.04	9.131	14.717		29.091	5.823	1.486	5.031	11.71	0.3	13.362	0.848	4.461	0.6	26553962	3.1	25.093	74.907	54.858	20.049	1.657	0.008	4500.000
KM18-BW6-38	JWL0052	Beroe ovata	Bero_ovat	Lab -80 upper compartment LL quadrant	Very small; massoverestimated	0.0	1.000	95.000	3.563	4.750	1.188	1.188	6.938					#DIV/0!		0.0019	Y				10.0		27.80	-1	ok	2	6.853	29.846	20.61		14.874	5.854	0	10.664	0	0	6.223	0	1.544	0.6	9549791	8.6	34.537	65.463	47.958	17.505	1.419	0.000	278.000
KM18-BW10-8	JWL0053	Beroe ovata	Bero_ovat	Lab -80 upper compartment LL quadrant	Very small; massoverestimated	0.6	1.0	95	3.6	4.8	1.2	1.2	6.9					#DIV/0!		0.0017	Y				10.0		27.20	-1	good/ok	1	6.558	1.806	14.069		15.812	17.854	3.712	4.279	9.537	2.173	16.528	4.211	3.462	0.6	14920446	5.5	42.441	57.559	31.963	25.597	1.660	0.042	272.000
V4164-D1	JWL0054	Bolinopsis infundibulum	Boli_infu	Lab -80 upper compartment LL quadrant		29.3	7.50	95	26.7	35.6	8.9	8.9	52.0		2.1817	2.1819		#DIV/0!		0.0013	Y			50	993.0			-2.996949248	low	4														0.6	3982160	20.7	#DIV/0!	#DIV/0!	#DIV/0!	#DIV/0!	#DIV/0!		
V3949-D5	JWL0055	Bolinopsis infundibulum	Boli_infu	Lab -80 upper compartment LL quadrant				95	0.0	0.0	0.0	0.0	0.0		2.1505	2.1508		#DIV/0!		0.0012	Y			50	883.3		4.32	-2.946132322	low	4	7.919	8.703	25.295		19.445	10.189	0	8.581	4.926	0	6.532	0	0	0.6	443549	185.7	47.388	52.612	36.111	16.501	1.257		
D959-BW11	JWL0056	Bolinopsis infundibulum	Boli_infu	Lab -80 upper compartment LL quadrant				95	0.0	0.0	0.0	0.0	0.0					#DIV/0!		0.0008	Y		pull 20191216	50	10.0	6.89	14.06	-1	ok	1	5.533	6.304	27.105		31.75	4.209	1.307	10.245	3.221	0	7.834	1.415	1.079	0.6	14131590	5.8	37.375	62.625	42.961	19.664	1.458	0.014	140.600
D614-D11	JWL0057	Bolinopsis infundibulum	Boli_infu	Lab -80 upper compartment LL quadrant				95	0.0	0.0	0.0	0.0	0.0		2.1704	2.1704		#DIV/0!		0.0013	Y			50	1456.6		3.01	-3.163346239	low	4														0.6	3347243	24.6	#DIV/0!	#DIV/0!	#DIV/0!	#DIV/0!	#DIV/0!		
V3710-D1	JWL0058	Bolinopsis infundibulum	Boli_infu	Lab -80 upper compartment LL quadrant			8.90	95	31.7	42.3	10.6	10.6	61.7		2.1665	2.1666		#DIV/0!		0.0011	Y		pull 20191216	50	96.6		8.80	-1.984841782	low	4														0.6	5381922	15.3	#DIV/0!	#DIV/0!	#DIV/0!	#DIV/0!	#DIV/0!		
V4034-D4	JWL0059	Bolinopsis infundibulum	Boli_infu	Lab -80 upper compartment LL quadrant			5.00	95	17.8	23.8	5.9	5.9	34.7					#DIV/0!		0.0011	Y			50	133.0		8.42	-2.12398191	not good	4	1.846	1.103	6.829		4.358	2.602	0	2.922	0	0	1.987	0	0	0.6	3915958	21.0	52.095	47.905	25.228	22.678	1.478		
V3903-D7	JWL0060	Bathocyroe fosteri	Bath_fost	Lab -80 upper compartment LL quadrant	half animal	30.0	7.50	95	26.7	35.6	8.9	8.9	52.0	10/24/19				#DIV/0!		0.0010	Y							#NUM!																									
V3709-SS4	JWL0061	Lampocteis cruentiventer	Lamp_crue	Lab -80 upper compartment LL quadrant		17.5	7.50	95	26.7	35.6	8.9	8.9	52.0	10/24/19				#DIV/0!		0.0011	Y		pull 20191216					#NUM!																									
V3949-D4	JWL0062	Lampocteis cruentiventer	Lamp_crue	Lab -80 upper compartment LL quadrant		10.0	7.50	95	26.7	35.6	8.9	8.9	52.0	10/24/19				#DIV/0!		0.0005	Y		pull 20191216					#NUM!																									
D?T?468-D9	JWL0063	Lampocteis cruentiventer	Lamp_crue	Lab -80 upper compartment LL quadrant		32.5	7.50	95	26.7	35.6	8.9	8.9	52.0	10/24/19				#DIV/0!		0.0004	Y							#NUM!																									
V3903-D8	JWL0064	Lampocteis cruentiventer	Lamp_crue	Lab -80 upper compartment LL quadrant		20.0	7.50	95	26.7	35.6	8.9	8.9	52.0	10/24/19				#DIV/0!		0.0003	Y		pull 20191216					#NUM!																									
D1138-D10	JWL0065	Bathocyroe fosteri	Bath_fost	Lab -80 upper compartment LL quadrant		4.5	4.50	95	16.0	21.4	5.3	5.3	31.2	10/24/19				#DIV/0!		0.0000	N							#NUM!																									
V4139-SS3	JWL0066	Bathocyroe fosteri	Bath_fost	Lab -80 upper compartment LL quadrant		1.5	1.5	95	5.3	7.1	1.8	1.8	10.4	10/24/19				#DIV/0!		0.0003	Y							#NUM!																									
D919-D5	JWL0067	Bathocyroe fosteri	Bath_fost	Lab -80 upper compartment LL quadrant		1.5	1.5	95	5.3	7.1	1.8	1.8	10.4	10/24/19				#DIV/0!		0.0002	Y							#NUM!																									
M123-MS7	JWL0068	Bathocyroe fosteri	Bath_fost	Lab -80 upper compartment LL quadrant		45.0	7.50	95	26.7	35.6	8.9	8.9	52.0	10/24/19				#DIV/0!		0.0004	Y							#NUM!																									
V3929-D1	JWL0069	Lampocteis cruentiventer	Lamp_crue	Lab -80 upper compartment LL quadrant		12.0	7.50	95	26.7	35.6	8.9	8.9	52.0	10/24/19				#DIV/0!		0.0005	Y							#NUM!																									
D960-SS7-10	JWL0070	undescribed pink benthic	Tjal_pink	Lab -80 upper compartment LL quadrant		5.0	5.00	95	17.8	23.8	5.9	5.9	34.7	10/24/19				#DIV/0!		0.0014	Y		pull 20191216					#NUM!																									
20170608-BW	JWL0071	Beroe cucumis	Bero_cucu	Lab -80 upper compartment LL quadrant		3.0	3.00	95	10.7	14.3	3.6	3.6	20.8	10/24/19				#DIV/0!		0.0008	Y							#NUM!																									
M126-MS1	JWL0072	Bathocyroe fosteri	Bath_fost	Lab -80 upper compartment LL quadrant		7.5	7.50	95	26.7	35.6	8.9	8.9	52.0	10/24/19				#DIV/0!		0.0003	Y							#NUM!																									
D960-SS10-1	JWL0073	undescribed pink benthic	Tjal_pink	Lab -80 upper compartment LL quadrant		4.0	4.00	95	14.3	19.0	4.8	4.8	27.8	10/24/19				#DIV/0!		0.0003	Y							#NUM!																									
V3756-D3	JWL0074	Bathocyroe fosteri	Bath_fost	Lab -80 upper compartment LL quadrant		6.5	6.50	95	23.2	30.9	7.7	7.7	45.1	10/24/19				#DIV/0!		0.0000	Y							#NUM!																									
V4139-D3	JWL0075	red X cydippid	Cydi_redx	Lab -80 upper compartment LL quadrant		1.8	1.80	95	6.4	8.6	2.1	2.1	12.5	10/24/19				#DIV/0!		0.0000	Y							#NUM!																									
M121-MS1	JWL0076	Eurhamphaea vexilligera	Eur_vexi			35.0	7.50	95	26.7	35.6	8.9	8.9	52.0	11/13/19				#DIV/0!		0.0000	Y							#NUM!																									
M123-MS6	JWL0077	Bathocyroe fosteri	Bath_hawa			25.0	7.50	95	26.7	35.6	8.9	8.9	52.0	11/13/19				#DIV/0!		0.0000	Y							#NUM!																									
MBA Aurelia 1/3 20181208	JWL0078	Aurelia labiata	Aure_labi			22.0	7.50	95	26.7	35.6	8.9	8.9	52.0	11/13/19				#DIV/0!		0.0000	Y							#NUM!																									
MBA Aurelia 3/3 20181208	JWL0079	Aurelia labiata	Aure_labi			17.0	7.50	95	26.7	35.6	8.9	8.9	52.0	11/13/19				#DIV/0!		0.0000	Y							#NUM!																									
26MAR19-BW2	JWL0080	Beroe forskalii	Bero_fors			8.0	7.50	95	26.7	35.6	8.9	8.9	52.0	11/13/19				#DIV/0!		0.0000	Y							#NUM!																									
D1138.2-BW14	JWL0081	Beroe forskalii	Bero_fors			5.0	4.50	95	16.0	21.4	5.3	5.3	31.2	11/13/19				#DIV/0!		0.0000	Y							#NUM!																									
D1137-BW1	JWL0082	Beroe cucumis	Bero_cucu			3.0	2.75	95	9.8	13.1	3.3	3.3	19.1	11/13/19				#DIV/0!		0.0000	Y							#NUM!																									
MBA mysids	JWL0083	Mysis...				?	1.00	95	3.6	4.8	1.2	1.2	6.9	11/13/19				#DIV/0!		0.0000	Y							#NUM!																									
MBA mysids	JWL0084	Mysis...				?	1.00	95	3.6	4.8	1.2	1.2	6.9	11/13/19				#DIV/0!		0.0000	Y							#NUM!																									
MBA 20190425	JWL0085	Leucothea pulchra				35.0	7.50	95	26.7	35.6	8.9	8.9	52.0					#DIV/0!		0.0000	Y							#NUM!																									
MBA 20190425-1	JWL0086	Leucothea pulchra				25.0	7.50	95	26.7	35.6	8.9	8.9	52.0					#DIV/0!		0.0000	Y							#NUM!																									
MBA 20190425-3	JWL0087	Leucothea pulchra				25.0	7.50	95	26.7	35.6	8.9	8.9	52.0					#DIV/0!		0.0000	Y							#NUM!																									
KMBW2-19	JWL0088	Bolinopsis vitrea	Boli_vitr			14.0	7.50	95	26.7	35.6	8.9	8.9	52.0					#DIV/0!		0.0000	Y							#NUM!																									
KMBW4-23	JWL0089	Bolinopsis vitrea	Boli_vitr			14.0	7.50	95	26.7	35.6	8.9	8.9	52.0					#DIV/0!		0.0000	Y							#NUM!																									
20170609-BW	JWL0090	Beroe cucumis				4.0	4.00	95	14.3	19.0	4.8	4.8	27.8					#DIV/0!		0.0000	Y							#NUM!																									
D499-D8	JWL0091	red X cydippid				2.0	2.00	95	7.1	9.5	2.4	2.4	13.9					#DIV/0!		0.0000	Y							#NUM!																									
Ventana 20181126 Red Cyd. #2	JWL0092	red cydippid				1.0	1.00	95	3.6	4.8	1.2	1.2	6.9					#DIV/0!		0.0000	Y							#NUM!																									
MBA 20190425-7	JWL0093					45.0	7.50	95	26.7	35.6	8.9	8.9	52.0					#DIV/0!		0.0000	Y							#NUM!																									
MBA 20190425-6	JWL0094					45.0	7.50	95	26.7	35.6	8.9	8.9	52.0					#DIV/0!		0.0000	Y							#NUM!																									
MBA 20190425-5	JWL0095						7.50	95	26.7	35.6	8.9	8.9	52.0					#DIV/0!		0.0000	Y							#NUM!																									
D1167-D3	JWL0096	spatchy					7.50	95	26.7	35.6	8.9	8.9	52.0					#DIV/0!		0.0000	Y							#NUM!																									
KMBW10-2	JWL0097	Bolinopsis vitrea	Boli_vitr			20.0	7.50	95	26.7	35.6	8.9	8.9	52.0					#DIV/0!		0.0000	Y							#NUM!																									
D1165-D10	JWL0098	Tjalfie white	Tjal_whit			10.5	7.50	95	26.7	35.6	8.9	8.9	52.0					#DIV/0!		0.0000	Y							#NUM!																									
D1021 BT Tjal 4	JWL0099	Tjalfie pink	Tjal_pink			7.5	7.50	pull 20191216	#VALUE!	#VALUE!	#VALUE!	#VALUE!	#VALUE!					#DIV/0!		0.0135	Y		norm and pull 20191216					#NUM!																									
D1021 BT Tjal 7	JWL0100	Tjalfie pink	Tjal_pink			7.5	7.50	95	26.7	35.6	8.9	8.9	52.0					#DIV/0!		0.0124	Y		norm and pull 20191216					#NUM!																									
V4233-SS7	JWL0101	Beroe cucumis				2.0	2.00	95	7.1	9.5	2.4	2.4	13.9					#DIV/0!		0.0000	Y							#NUM!																									
ANT2018224	JWL0102	?				4.0	7.50	95	26.7	35.6	8.9	8.9	52.0					#DIV/0!		0.0000	N							#NUM!																									
6 Dec 11	JWL0103	Bathyctena chuni	Bath_chun			4.00	4.00	95	14.3	19.0	4.8	4.8	27.8					#DIV/0!		0.0000	N							#NUM!																									
MBA #5	JWL0104	Aurelia labiata	Aure_labi			7.50	7.50	95	26.7	35.6	8.9	8.9	52.0					#DIV/0!		0.0000	N							#NUM!																									
MBA  20181129 #3	JWL0105	Aurelia labiata	Aure_labi			6.00	6.00	95	21.4	28.5	7.1	7.1	41.6					#DIV/0!		0.0000	N							#NUM!																									
V4233-SS6	JWL0106	Hormiphora californensis	Horm_cali			4.00	4.00	95	14.3	19.0	4.8	4.8	27.8					#DIV/0!		0.0000	Y							#NUM!																									
D960?	JWL0107	Tjalfie pink	Tjal_pink			3.00	3.00	95	10.7	14.3	3.6	3.6	20.8					#DIV/0!		0.0000	Y							#NUM!																									
5/30/2007 red light	JWL0108	Beroe ovata	Bero_ovat			1.00	1.00	95	3.6	4.8	1.2	1.2	6.9					#DIV/0!		0.0000	Y							#NUM!																									
30 may 07 blue light	JWL0109	Beroe ovata	Bero_ovat			1.00	1.00	95	3.6	4.8	1.2	1.2	6.9					#DIV/0!		0.0000	Y							#NUM!																									
D1138.2-BW	JWL0110	Pleurobrachia bachei					2.00	95	7.1	9.5	2.4	2.4	13.9					#DIV/0!		0.0000	Y							#NUM!																									
D1137-T	JWL0111	Pleurobrachia bachei					2.00	95	7.1	9.5	2.4	2.4	13.9					#DIV/0!		0.0000	Y							#NUM!																									
D1138.2-BW	JWL0112	Pleurobrachia bachei					2.00	95	7.1	9.5	2.4	2.4	13.9					#DIV/0!		0.0000	Y							#NUM!																									
D1138.2-BW	JWL0113	Pleurobrachia bachei					2.00	95	7.1	9.5	2.4	2.4	13.9					#DIV/0!		0.0000	Y							#NUM!																									
D1137-T	JWL0114	Pleurobrachia bachei					2.00	95	7.1	9.5	2.4	2.4	13.9					#DIV/0!		0.0000	Y							#NUM!																									
D1138-BW	JWL0115	Pleurobrachia bachei					2.00	95	7.1	9.5	2.4	2.4	13.9					#DIV/0!		0.0000	Y							#NUM!																									
D1138.2 pool 4	JWL0116	Pleurobrachia bachei tentacle					1.00	95	3.6	4.8	1.2	1.2	6.9					#DIV/0!		0.0000	N							#NUM!																									
D1138.2 pool 7	JWL0117	Pleurobrachia bachei tentacle					1.00	95	3.6	4.8	1.2	1.2	6.9							0.0000	N							#NUM!																									
D1138.2 pool 3	JWL0118	Pleurobrachia bachei tentacle					1.00	95	3.6	4.8	1.2	1.2	6.9							0.0000	N							#NUM!																									
D1138.2 pool 6	JWL0119	Pleurobrachia bachei tentacle					1.00	95	3.6	4.8	1.2	1.2	6.9							0.0000	N							#NUM!																									
D1138.2 pool 7	JWL0120	Pleurobrachia bachei body					2.00	95	7.1	9.5	2.4	2.4	13.9							0.0000	N							#NUM!																									
D1138.2 pool 5	JWL0121	Pleurobrachia bachei body					2.00	95	7.1	9.5	2.4	2.4	13.9							0.0000	N							#NUM!																									
D1138.2 pool 3	JWL0122	Pleurobrachia bachei body					2.00	95	7.1	9.5	2.4	2.4	13.9							0.0000	N							#NUM!																									
D1138.2 pool 4	JWL0123	Pleurobrachia bachei body					2.00	95	7.1	9.5	2.4	2.4	13.9							0.0000	N							#NUM!																									
D1168-D8	JWL0124	amber lobate			From cellular debris pellet	0.75	1.00	95	3.6	4.8	1.2	1.2	6.9							0.0000	Y							#NUM!																									
D1164-MS4	JWL0125	Lampea deep			From cellular debris pellet	1.00	1.00	95	3.6	4.8	1.2	1.2	6.9							0.0000	Y							#NUM!																									
D1169-D7	JWL0126				From cellular debris pellet	0.50	1.00	95	3.6	4.8	1.2	1.2	6.9							0.0000	Y							#NUM!																									
D1169-D6	JWL0127	Euplokamis			From cellular debris pellet	1.00	1.00	95	3.6	4.8	1.2	1.2	6.9							0.0000	Y							#NUM!																									
D1167-D2	JWL0128				From cellular debris pellet	0.75	1.00	95	3.6	4.8	1.2	1.2	6.9							0.0000	Y							#NUM!																									
D1169-D1	JWL0129				From cellular debris pellet	0.63	1.00	95	3.6	4.8	1.2	1.2	6.9							0.0000	Y							#NUM!																									
D1167-SS8	JWL0130				From cellular debris pellet	1.00	1.00	95	3.6	4.8	1.2	1.2	6.9							0.0000	Y							#NUM!																									
D1168-D5	JWL0131	Lampocteis cruentiventer			From cellular debris pellet	0.43	1.00	95	3.6	4.8	1.2	1.2	6.9							0.0024	Y		pull 20191216		823.6		4.75	-2.915695244																									
D1169-D5	JWL0132	Euplokamis			From cellular debris pellet	1.00	1.00	95	3.6	4.8	1.2	1.2	6.9							0.0000	Y							#NUM!																									
D1169-D10	JWL0133	Ctenoceros			From cellular debris pellet	0.25	1.00	95	3.6	4.8	1.2	1.2	6.9							0.0000	Y							#NUM!																									
D1163-D5	JWL0134				From cellular debris pellet	1.13	1.50	95	5.3	7.1	1.8	1.8	10.4							0.0000	Y							#NUM!																									
D1165-D5	JWL0135				From cellular debris pellet	0.43	1.00	95	3.6	4.8	1.2	1.2	6.9							0.0000	Y							#NUM!																									
D1168-D3	JWL0136	Aulacoctena			From cellular debris pellet	0.75	1.00	95	3.6	4.8	1.2	1.2	6.9							0.0000	Y							#NUM!																									
D1167-SS5	JWL0137	Lampea deep			From cellular debris pellet	1.25	1.50	95	5.3	7.1	1.8	1.8	10.4							0.0000	Y							#NUM!																									
D1167-SS1-1	JWL0138				From cellular debris pellet	1.48	1.50	95	5.3	7.1	1.8	1.8	10.4							0.0000	Y							#NUM!																									
D1167-SS1A	JWL0139				From cellular debris pellet	1.48	1.50	95	5.3	7.1	1.8	1.8	10.4							0.0000	Y							#NUM!																									
D1164-D4	JWL0140				From cellular debris pellet	0.88	1.00	95	3.6	4.8	1.2	1.2	6.9							0.0000	N							#NUM!																									
D1168-D6	JWL0141	Bathocyroe fosteri			From cellular debris pellet	1.25	1.50	95	5.3	7.1	1.8	1.8	10.4							0.0000	N							#NUM!																									
D1164-D10	JWL0142				From cellular debris pellet	1.43	1.50	95	5.3	7.1	1.8	1.8	10.4							0.0000	N							#NUM!																									
D1164-MS5	JWL0143	Lampea deep			From cellular debris pellet	0.50	1.00	95	3.6	4.8	1.2	1.2	6.9							0.0000	Y							#NUM!																									
D1167-SS1-2	JWL0144	Tjalfiella pink			From cellular debris pellet	1.00	1.00	95	3.6	4.8	1.2	1.2	6.9							0.0000	Y							#NUM!																									
D1167-SS6	JWL0145				From cellular debris pellet	0.63	1.00	95	3.6	4.8	1.2	1.2	6.9							0.0000	N							#NUM!																									
D1167-D10	JWL0146	Bathocyroe fosteri			From cellular debris pellet	1.00	1.00	95	3.6	4.8	1.2	1.2	6.9							0.0000	Y							#NUM!																									
D1164-D2	JWL0147	Bathocyroe			From cellular debris pellet	1.00	1.00	95	3.6	4.8	1.2	1.2	6.9							0.0000	Y							#NUM!																									
D1168-D12	JWL0148	Lampocteis cruentiventer			From cellular debris pellet	1.25	1.50	95	5.3	7.1	1.8	1.8	10.4							0.0050	Y		pull 20191216		736.0		4.95	-2.866895533																									
D1169-D9	JWL0149	Ctenoceros			From cellular debris pellet, spilled some	0.48	1.00	95	3.6	4.8	1.2	1.2	6.9							0.0050	N							#NUM!																									
Eurhamphaea vexilligera	JWL0150	KMBW6-4					5.50	85	17.5	23.4	5.8	5.8	34.7							0.0050	N							#NUM!																									
Pleurobrachia bachei tentacle pool 2	JWL0151						1.00	85	3.2	4.3	1.1	1.1	6.3							0.0050	N							#NUM!																									
Pleurobrachia bachei tentacle pool 7	JWL0152						1.00	85	3.2	4.3	1.1	1.1	6.3							0.0050	N							#NUM!																									
SEB180701-5	JWL0153	Bolinopsis infundibulum					5.25	85	16.7	22.3	5.6	5.6	33.1							0.0050	N							#NUM!																									
SEB180701-7	JWL0154	Beroe cucumis				8.5	6.50	85	20.7	27.6	6.9	6.9	41.0							0.0050	N							#NUM!																									
SEB180701-9	JWL0155	Bolinopsis infundibulum					4.50	85	14.3	19.1	4.8	4.8	28.4							0.0050	N							#NUM!																									
								85	0.0	0.0	0.0	0.0	0.0															#NUM!																									
								85	0.0	0.0	0.0	0.0	0.0															#NUM!																									
								85	0.0	0.0	0.0	0.0	0.0															#NUM!																									
								85	0.0	0.0	0.0	0.0	0.0															#NUM!																									
								85	0.0	0.0	0.0	0.0	0.0															#NUM!																									
																												#NUM!																									
																												#NUM!																									
																												#NUM!																									
																												#NUM!																									
																												#NUM!																									
																												#NUM!																									
																												#NUM!																									
																												#NUM!																									
																												#NUM!																									
																												#NUM!																									
																												#NUM!																									
																												#NUM!																									
																												#NUM!																									
																												#NUM!																									
																												#NUM!																									
																												#NUM!																									
																												#NUM!																									
																												#NUM!																									
																												#NUM!																									
																												#NUM!																									
																												#NUM!																									
																												#NUM!																									
																												#NUM!																									
																												#NUM!																									
																												#NUM!																									
																												#NUM!																									
																												#NUM!																									
																												#NUM!																									
																												#NUM!																									
																												#NUM!																									
																												#NUM!																									
																												#NUM!																									
																												#NUM!																									
																												#NUM!																									
																												#NUM!																									
																												#NUM!																									
																												#NUM!																									
																												#NUM!																									
																												#NUM!																									
																												#NUM!																									
																												#NUM!																									
																												#NUM!																									
																												#NUM!																									
																												#NUM!																									
																												#NUM!																									
																												#NUM!																									
																												#NUM!																									
																												#NUM!																									
																												#NUM!																									
																												#NUM!																									
																												#NUM!																									
																												#NUM!																									
																												#NUM!																									
																												#NUM!																									
																												#NUM!																									
																												#NUM!																									
																												#NUM!																									
																												#NUM!																									
																												#NUM!																									
																												#NUM!																									
																												#NUM!																									
																												#NUM!																									
																												#NUM!																									
																												#NUM!																									
																												#NUM!																									
																												#NUM!																									
																												#NUM!																									
																												#NUM!																									
																												#NUM!																									
																												#NUM!																									
																												#NUM!																									
																												#NUM!																									
																												#NUM!																									
																												#NUM!																									
																												#NUM!																									
																												#NUM!																									
																												#NUM!																									
																												#NUM!																									
																												#NUM!																									
																												#NUM!																									
																												#NUM!																									
																												#NUM!																									
																												#NUM!																									
																												#NUM!																									
																												#NUM!																									
																												#NUM!																									
																												#NUM!																									
																												#NUM!																									
																												#NUM!																									
																												#NUM!																									
																												#NUM!																									
																												#NUM!																									
																												#NUM!																									
																												#NUM!																									
																												#NUM!																									
																												#NUM!																									
																												#NUM!																									
																												#NUM!																									
																												#NUM!																									
																												#NUM!																									
																												#NUM!																									
																												#NUM!																									
																												#NUM!																									
																												#NUM!																									
																												#NUM!																									
																												#NUM!																									
																												#NUM!																									
																												#NUM!																									
																												#NUM!																									
																												#NUM!																									
																												#NUM!																									
																												#NUM!																									
																												#NUM!																									
																												#NUM!																									
																												#NUM!																									
																												#NUM!																									
																												#NUM!																									
																												#NUM!																									
																												#NUM!																									
																												#NUM!																									
																												#NUM!																									
																												#NUM!																									
																												#NUM!																									
																												#NUM!																									
																												#NUM!																									
																												#NUM!																									
																												#NUM!																									
																												#NUM!																									
																												#NUM!																									
																												#NUM!																									
																												#NUM!																									
																												#NUM!																									
																												#NUM!																									
																												#NUM!																									
																												#NUM!																									
																												#NUM!																									
																												#NUM!																									
																												#NUM!																									
																												#NUM!																									
																												#NUM!																									
																												#NUM!																									
																												#NUM!																									
																												#NUM!																									
																												#NUM!																									
																												#NUM!																									
																												#NUM!																									
																												#NUM!																									
																												#NUM!																									
																												#NUM!																									
																												#NUM!																									
																												#NUM!																									
																												#NUM!																									
																												#NUM!																									
																												#NUM!																									
																												#NUM!																									
																												#NUM!																									
																												#NUM!																									
																												#NUM!																									
																												#NUM!																									
																												#NUM!																									
																												#NUM!																									
																												#NUM!																									
																												#NUM!																									
																												#NUM!																									
																												#NUM!																									
																												#NUM!																									
																												#NUM!																									
																												#NUM!																									
																												#NUM!																									
																												#NUM!																									
																												#NUM!																									
																												#NUM!																									
																												#NUM!																									
																												#NUM!																									
																												#NUM!																									
																												#NUM!																									
																												#NUM!																									
																												#NUM!																									
																												#NUM!																									
																												#NUM!																									
																												#NUM!																									
																												#NUM!																									
																												#NUM!																									
																												#NUM!																									
																												#NUM!																									
																												#NUM!																									
																												#NUM!																									
																												#NUM!																									
																												#NUM!																									
																												#NUM!																									
																												#NUM!																									
																												#NUM!																									
																												#NUM!																									
																												#NUM!																									
																												#NUM!																									
																												#NUM!																									
																												#NUM!																									
																												#NUM!																									
																												#NUM!																									
																												#NUM!																									
																												#NUM!																									
																												#NUM!																									
																												#NUM!																									
																												#NUM!																									
																												#NUM!																									
																												#NUM!																									
																												#NUM!																									
																												#NUM!																									
																												#NUM!																									
																												#NUM!																									
																												#NUM!																									
																												#NUM!																									
																												#NUM!																									
																												#NUM!																									
																												#NUM!																									
																												#NUM!																									
																												#NUM!																									
																												#NUM!																									
																												#NUM!																									
																												#NUM!																									
																												#NUM!																									
																												#NUM!																									
																												#NUM!																									
																												#NUM!																									
																												#NUM!																									
																												#NUM!																									
																												#NUM!																									
																												#NUM!																									
																												#NUM!																									
																												#NUM!																									
																												#NUM!																									
																												#NUM!																									
																												#NUM!																									
																												#NUM!																									
																												#NUM!																									
																												#NUM!																									
																												#NUM!																									
																												#NUM!																									
																												#NUM!																									
																												#NUM!																									
																												#NUM!																									
																												#NUM!																									
																												#NUM!																									
																												#NUM!																									
																												#NUM!																									
																												#NUM!																									
																												#NUM!																									
																												#NUM!																									
																												#NUM!																									
																												#NUM!																									
																												#NUM!																									
																												#NUM!																									
																												#NUM!																									
																												#NUM!																									
																												#NUM!																									
																												#NUM!																									
																												#NUM!																									
																												#NUM!																									
																												#NUM!																									
																												#NUM!																									
																												#NUM!																									
																												#NUM!																									
																												#NUM!																									
																												#NUM!																									
																												#NUM!																									
																												#NUM!																									
																												#NUM!																									
																												#NUM!																									
																												#NUM!																									
																												#NUM!																									
																												#NUM!																									
																												#NUM!																									
																												#NUM!																									
																												#NUM!																									
																												#NUM!																									
																												#NUM!																									
																												#NUM!																									
																												#NUM!																									
																												#NUM!																									
																												#NUM!																									
																												#NUM!																									
																												#NUM!																									
																												#NUM!																									
																												#NUM!																									
																												#NUM!																									
																												#NUM!																									
																												#NUM!																									
																												#NUM!																									
																												#NUM!																									
																												#NUM!																									
																												#NUM!																									
																												#NUM!																									
																												#NUM!																									
																												#NUM!																									
																												#NUM!																									
																												#NUM!																									
																												#NUM!																									
																												#NUM!																									
																												#NUM!																									
																												#NUM!																									
																												#NUM!																									
																												#NUM!																									
																												#NUM!																									
																												#NUM!																									
																												#NUM!																									
																												#NUM!																									
																												#NUM!																									
																												#NUM!																									
																												#NUM!																									
																												#NUM!																									
																												#NUM!																									
																												#NUM!																									
																												#NUM!																									
																												#NUM!																									
																												#NUM!																									
																												#NUM!																									
																												#NUM!																									
																												#NUM!																									
																												#NUM!																									
																												#NUM!																									
																												#NUM!																									
																												#NUM!																									
																												#NUM!																									
																												#NUM!																									
																												#NUM!																									
																												#NUM!																									
																												#NUM!																									
																												#NUM!																									
																												#NUM!																									
																												#NUM!																									
																												#NUM!																									
																												#NUM!																									
																												#NUM!																									
																												#NUM!																									
																												#NUM!																									
																												#NUM!																									
																												#NUM!																									
																												#NUM!																									
																												#NUM!																									
																												#NUM!																									
																												#NUM!																									
																												#NUM!																									
																												#NUM!																									
																												#NUM!																									
																												#NUM!																									
																												#NUM!																									
																												#NUM!																									
																												#NUM!																									
																												#NUM!																									
																												#NUM!																									
																												#NUM!																									
																												#NUM!																									
																												#NUM!																									
																												#NUM!																									
																												#NUM!																									
																												#NUM!																									
																												#NUM!																									
																												#NUM!																									
																												#NUM!																									
																												#NUM!																									
																												#NUM!																									
																												#NUM!																									
																												#NUM!																									
																												#NUM!																									
																												#NUM!																									
																												#NUM!																									
																												#NUM!																									
																												#NUM!																									
																												#NUM!																									
																												#NUM!																									
																												#NUM!																									
																												#NUM!																									
																												#NUM!																									
																												#NUM!																									
																												#NUM!																									
																												#NUM!																									
																												#NUM!																									
																												#NUM!																									
																												#NUM!																									
																												#NUM!																									
																												#NUM!																									
																												#NUM!																									
																												#NUM!																									
																												#NUM!																									
																												#NUM!																									
																												#NUM!																									
																												#NUM!																									
																												#NUM!																									
																												#NUM!																									
																												#NUM!																									
																												#NUM!																									
																												#NUM!																									
																												#NUM!																									
																												#NUM!																									
																												#NUM!																									
																												#NUM!																									
																												#NUM!																									
																												#NUM!																									
																												#NUM!																									
																												#NUM!																									
																												#NUM!																									
																												#NUM!																									
																												#NUM!																									
																												#NUM!																									
																												#NUM!																									
																												#NUM!																									
																												#NUM!																									
																												#NUM!																									
																												#NUM!																									
																												#NUM!																									
																												#NUM!																									
																												#NUM!																									
																												#NUM!																									
																												#NUM!																									
																												#NUM!																									
																												#NUM!																									
																												#NUM!																									
																												#NUM!																									
																												#NUM!																									
																												#NUM!																									
																												#NUM!																									
																												#NUM!																									
																												#NUM!																									
																												#NUM!																									
																												#NUM!																									
																												#NUM!																									
																												#NUM!																									
																												#NUM!																									
																												#NUM!																									
																												#NUM!																									
																												#NUM!																									
																												#NUM!																									
																												#NUM!																									
																												#NUM!																									
																												#NUM!																									
																												#NUM!																									
																												#NUM!																									
																												#NUM!																									
																												#NUM!																									
																												#NUM!																									
																												#NUM!																									
																												#NUM!																									
																												#NUM!																									
																												#NUM!																									
																												#NUM!																									
																												#NUM!																									
																												#NUM!																									
																												#NUM!																									
																												#NUM!																									
																												#NUM!																									
																												#NUM!																									
																												#NUM!																									
																												#NUM!																									
																												#NUM!																									
																												#NUM!																									
																												#NUM!																									
																												#NUM!																									
																												#NUM!																									
																												#NUM!																									
																												#NUM!																									
																												#NUM!																									
																												#NUM!																									
																												#NUM!																									
																												#NUM!																									
																												#NUM!																									
																												#NUM!																									
																												#NUM!																									
																												#NUM!																									
																												#NUM!																									
																												#NUM!																									
																												#NUM!																									
																												#NUM!																									
																												#NUM!																									
																												#NUM!																									
																												#NUM!																									
																												#NUM!																									
																												#NUM!																									
																												#NUM!																									
																												#NUM!																									
																												#NUM!																									
																												#NUM!																									
																												#NUM!																									
																												#NUM!																									
																												#NUM!																									
																												#NUM!																									
																												#NUM!																									
																												#NUM!																									
																												#NUM!																									
																												#NUM!																									
																												#NUM!																									
																												#NUM!																									
																												#NUM!																									
																												#NUM!																									
																												#NUM!																									
																												#NUM!																									
																												#NUM!																									
																												#NUM!																									
																												#NUM!																									
																												#NUM!																									
																												#NUM!																									
																												#NUM!																									
																												#NUM!																									
																												#NUM!																									
																												#NUM!																									
																												#NUM!																									
																												#NUM!																									
																												#NUM!																									
																												#NUM!																									
																												#NUM!																									
																												#NUM!																									
																												#NUM!																									
																												#NUM!																									
																												#NUM!																									
																												#NUM!																									
																												#NUM!																									
																												#NUM!																									
																												#NUM!																									
																												#NUM!																									
																												#NUM!																									
																												#NUM!																									
																												#NUM!																									
																												#NUM!																									
																												#NUM!																									
																												#NUM!																									
																												#NUM!																									
																												#NUM!																									
																												#NUM!																									
																												#NUM!																									
																												#NUM!																									
																												#NUM!																									
																												#NUM!																									
																												#NUM!																									
																												#NUM!																									
																												#NUM!																									
																												#NUM!																									
																												#NUM!																									
																												#NUM!																									
																												#NUM!																									
																												#NUM!																									
																												#NUM!																									
																												#NUM!																									
																												#NUM!																									
																												#NUM!																									
																												#NUM!																									
																												#NUM!																									
																												#NUM!																									
																												#NUM!																									
																												#NUM!																									
																												#NUM!																									
																												#NUM!																									
																												#NUM!																									
																												#NUM!																									
																												#NUM!																									
																												#NUM!																									
																												#NUM!																									
																												#NUM!																									
																												#NUM!																									
																												#NUM!																									
																												#NUM!																									
																												#NUM!																									
																												#NUM!																									
																												#NUM!																									
																												#NUM!																									
																												#NUM!																									
																												#NUM!																									
																												#NUM!																									
																												#NUM!																									
																												#NUM!																									
																												#NUM!																									
																												#NUM!																									
																												#NUM!																									
																												#NUM!																									
																												#NUM!																									
																												#NUM!																									
																												#NUM!																									
																												#NUM!																									
																												#NUM!																									
																												#NUM!																									
																												#NUM!																									
																												#NUM!																									
																												#NUM!																									
																												#NUM!																									
																												#NUM!																									
																												#NUM!																									
																												#NUM!																									
																												#NUM!																									
																												#NUM!																									
																												#NUM!																									
																												#NUM!																									
																												#NUM!																									
																												#NUM!																									
																												#NUM!																									
																												#NUM!																									
																												#NUM!																									
																												#NUM!																									
																												#NUM!																									
																												#NUM!																									
																												#NUM!																									
																												#NUM!																									
																												#NUM!																									
																												#NUM!																									
																												#NUM!																									
																												#NUM!																									
																												#NUM!																									
																												#NUM!																									
																												#NUM!																									
																												#NUM!																									
																												#NUM!																									
																												#NUM!																									
																												#NUM!																									
																												#NUM!																									
																												#NUM!																									
																												#NUM!																									
																												#NUM!																									
																												#NUM!																									
																												#NUM!																									
																												#NUM!																									
																												#NUM!																									
																												#NUM!																									
																												#NUM!																									
																												#NUM!																									
																												#NUM!																									
																												#NUM!																									
																												#NUM!																									
																												#NUM!																									
																												#NUM!																									
																												#NUM!																									
																												#NUM!																									
																												#NUM!																									
																												#NUM!																									
																												#NUM!																									
																												#NUM!																									
																												#NUM!																									
																												#NUM!																									
																												#NUM!																									
																												#NUM!																									
																												#NUM!																									
																												#NUM!																									
																												#NUM!																									
																												#NUM!																									
																												#NUM!																									
																												#NUM!																									
																												#NUM!																									
																												#NUM!																									
																												#NUM!																									
																												#NUM!																									
																												#NUM!																									
																												#NUM!																									
																												#NUM!																									
																												#NUM!																									
																												#NUM!																									
																												#NUM!																									
																												#NUM!																									
																												#NUM!																									
																												#NUM!																									
																												#NUM!																									
																												#NUM!																									
																												#NUM!																									
																												#NUM!																									
																												#NUM!																									
																												#NUM!																									
																												#NUM!																									
																												#NUM!																									
																												#NUM!																									
																												#NUM!																									
																												#NUM!																									
																												#NUM!																									
																												#NUM!																									
																												#NUM!																									
																												#NUM!																									
																												#NUM!																									
																												#NUM!																									
																												#NUM!																									
																												#NUM!																									
																												#NUM!																									
																												#NUM!																									
																												#NUM!																									
																												#NUM!																									
																												#NUM!																									
																												#NUM!																									
																												#NUM!																									
																												#NUM!																									
																												#NUM!																									
																												#NUM!																									
																												#NUM!																									
																												#NUM!																									
																												#NUM!																									
																												#NUM!																									
																												#NUM!																									
																												#NUM!																									
																												#NUM!																									
																												#NUM!																									
																												#NUM!																									
																												#NUM!																									
																												#NUM!																									
																												#NUM!																									
																												#NUM!																									
																												#NUM!																									
																												#NUM!																									
																												#NUM!																									
																												#NUM!																									
																												#NUM!																									
																												#NUM!																									
																												#NUM!																									
																												#NUM!																									
																												#NUM!																									
																												#NUM!																									
																												#NUM!																									
																												#NUM!																									
																												#NUM!																									
																												#NUM!																									
																												#NUM!																									
																												#NUM!																									
																												#NUM!																									
																												#NUM!																									
																												#NUM!																									
																												#NUM!																									
																												#NUM!																									
																												#NUM!																									
																												#NUM!																									
																												#NUM!																									
																												#NUM!																									
																												#NUM!																									
																												#NUM!																									
																												#NUM!																									
																												#NUM!																									
																												#NUM!																									
																												#NUM!																									
																												#NUM!																									
																												#NUM!																									
																												#NUM!																									
																												#NUM!																									
																												#NUM!																									
																												#NUM!																									
																												#NUM!																									
																												#NUM!																									
																												#NUM!																									
																												#NUM!																									
																												#NUM!																									
																												#NUM!																									
																												#NUM!																									
																												#NUM!																									
																												#NUM!																									
																												#NUM!																									
																												#NUM!																									
																												#NUM!																									
																												#NUM!																									
																												#NUM!																									
																												#NUM!																									
																												#NUM!																									
																												#NUM!																									
																												#NUM!																									
																												#NUM!																									
																												#NUM!																									
																												#NUM!																									
																												#NUM!																									
																												#NUM!																									
																												#NUM!																									
																												#NUM!																									
																												#NUM!																									
																												#NUM!																									
																												#NUM!																									
																												#NUM!																									
																												#NUM!																									
																												#NUM!																									
																												#NUM!																									
																												#NUM!																									
																												#NUM!																									
																												#NUM!																									
																												#NUM!																									
																												#NUM!																									
																												#NUM!																									
																												#NUM!																									
																												#NUM!																									
																												#NUM!																									
																												#NUM!																									
																												#NUM!																									
																												#NUM!																									
																												#NUM!																									
																												#NUM!																									
																												#NUM!																									
																												#NUM!																									
																												#NUM!																									
																												#NUM!																									
																												#NUM!																									
																												#NUM!																									
																												#NUM!																									
																												#NUM!																									
																												#NUM!																									
																												#NUM!																									
																												#NUM!																									
																												#NUM!																									
																												#NUM!																									
																												#NUM!																									
																												#NUM!																									
																												#NUM!																									
																												#NUM!																									
																												#NUM!																									
																												#NUM!																									
																												#NUM!																									
																												#NUM!																									
																												#NUM!																									
																												#NUM!																									
																												#NUM!																									
																												#NUM!																									
																												#NUM!																									
																												#NUM!																									
																												#NUM!																									
																												#NUM!																									
																												#NUM!																									
																												#NUM!																									
																												#NUM!																									
																												#NUM!																									
																												#NUM!																									
																												#NUM!																									
																												#NUM!																									
																												#NUM!																									
																												#NUM!																									
																												#NUM!																									
																												#NUM!																									
																												#NUM!																									
																												#NUM!																									
																												#NUM!																									
																												#NUM!																									
																												#NUM!																									
																												#NUM!																									
																												#NUM!																									
																												#NUM!																									
																												#NUM!																									
																												#NUM!																									
																												#NUM!																									
																												#NUM!																									
																												#NUM!																									
																												#NUM!																									
																												#NUM!																									
																												#NUM!																									
																												#NUM!																									
																												#NUM!																									